{"num_topics":5,"u/2/cost":0.0036239999999999996,"u/2/t_in_tok":3484,"u/2/s_N_tok":774,"u/2/s_in_tok":702,"_runtime":9.675701,"u/2/t_out_tok":337,"u/2/t_N_tok":3821,"_timestamp":1.752607266484973e+09,"comm_text_len":188,"topic_tree":[3,1,1],"u/1/in_tok":252,"_step":7,"u/1/cost":0.0011939999999999997,"comm_N":5,"_wandb":{"runtime":9},"comm_bins":[24,39,26,25,74],"row_to_claims":{"_type":"table-file","sha256":"6d6ad52c801e83b61b0932918a3e49a897d1cc8ee5a0c1f2c26fbf3a9c770907","size":1703,"artifact_path":"wandb-client-artifact://1d59dcul8btgnu6v9fc3j8ovmmdvk57jgs2fodt21q7l4d50n0qfhccbpqv2zlsdeb5pgt0d6ime8qk8n6pa870624uf68o3dvs42kxytibh9fnhlshplx444nlzoq41/row_to_claims.table.json","_latest_artifact_path":"wandb-client-artifact://ixpyi2nzp65z6xv4vqa4hg68ik9871qfb3jv02q0ij4r533kzhh4lk0roy81yalht6ikyh5e5dyjts7dy5bp16qnjsmguawmnh678w8i4kfv36l7mk7mv2k9j7t8hjb1:latest/row_to_claims.table.json","path":"media/table/row_to_claims_7_6d6ad52c801e83b61b09.table.json","ncols":3,"nrows":5},"u/1/N_tok":587,"u/1/out_tok":335,"u/2/s_out_tok":72,"rows_to_tree":{"sha256":"f263b086c6655561875d36ddc233d9db7d02824d9807c42e6b65e10ce6190316","size":1859,"artifact_path":"wandb-client-artifact://u7j5b4o4hycx0mjv0xoweefv5u46r27z0ilj6oxiyfrrwzruxzjve7abzd8hv1a1fx81cnfdq0ph7i0jmdl244mxf1o8is0afoihtfbgh28694spj77bu9utkyqcp3dv/rows_to_tree.table.json","_latest_artifact_path":"wandb-client-artifact://da7gs39r6znph3ahee0irg9zlkmq6duxxhxw9bc25z9xokmblh40v843806faxvg2ovzm8vxc3e9t2maopgdgv2anurgg6mtjarpy80qezqmim0oeh2kp9kh1d05808g:latest/rows_to_tree.table.json","path":"media/table/rows_to_tree_1_f263b086c6655561875d.table.json","ncols":3,"nrows":1,"_type":"table-file"},"num_themes":3}